{
  "Routes": [
    {
      "DownstreamPathTemplate": "/api/auth/login",
      "DownstreamScheme": "http",
      "DownstreamHostAndPorts": [
        {
          "Host": "localhost",
          "Port": 5289
        }
      ],
      "UpstreamPathTemplate": "/auth/login",
      "UpstreamHttpMethod": [ "Post" ]
    },
    {
      "DownstreamPathTemplate": "/api/user",
      "DownstreamScheme": "http",
      "DownstreamHostAndPorts": [
        {
          "Host": "localhost",
          "Port": 5289
        }
      ],
      "UpstreamPathTemplate": "/auth/user",
      "UpstreamHttpMethod": [ "Post" ]
    },
    {
      "DownstreamPathTemplate": "/api/User/GetUserById?email={email}",
      "DownstreamScheme": "http",
      "DownstreamHostAndPorts": [
        {
          "Host": "localhost",
          "Port": 5289
        }
      ],
      "UpstreamPathTemplate": "/User/GetUserById?email={email}",
      "UpstreamHttpMethod": [ "Get" ]
    },
    {
      "DownstreamPathTemplate": "/api/favourites/email/{email}",
      "DownstreamScheme": "http",
      "DownstreamHostAndPorts": [
        {
          "Host": "localhost",
          "Port": 5142
        }
      ],
      "UpstreamPathTemplate": "/cinemago/favourites/email/{email}",
      "AuthenticationOptions": {
        "AuthenticationProviderKey": "JwtBearer",
        "AllowedScopes": []
      },
      "UpstreamHttpMethod": [ "Get" ]
    },
    {
      "DownstreamPathTemplate": "/api/favourites",
      "DownstreamScheme": "http",
      "DownstreamHostAndPorts": [
        {
          "Host": "localhost",
          "Port": 5142
        }
      ],
      "UpstreamPathTemplate": "/cinemago/favourites",
      "AuthenticationOptions": {
        "AuthenticationProviderKey": "JwtBearer",
        "AllowedScopes": []
      },
      "UpstreamHttpMethod": [ "Post" ]
    },
    {
      "DownstreamPathTemplate": "/api/favourites/{id}",
      "DownstreamScheme": "http",
      "DownstreamHostAndPorts": [
        {
          "Host": "localhost",
          "Port": 5142
        }
      ],
      "UpstreamPathTemplate": "/cinemago/favourites/{id}",
      "AuthenticationOptions": {
        "AuthenticationProviderKey": "JwtBearer",
        "AllowedScopes": []
      },
      "UpstreamHttpMethod": [ "Delete" ]
    },
    {
      "DownstreamPathTemplate": "/api/movie",
      "DownstreamScheme": "http",
      "DownstreamHostAndPorts": [
        {
          "Host": "localhost",
          "Port": 5109
        }
      ],
      "UpstreamPathTemplate": "/movies",
      "UpstreamHttpMethod": [ "Get" ]
    },
    {
      "DownstreamPathTemplate": "/api/movie/genre/{genre}",
      "DownstreamScheme": "http",
      "DownstreamHostAndPorts": [
        {
          "Host": "localhost",
          "Port": 5109
        }
      ],
      "UpstreamPathTemplate": "/movies/genre/{genre}",
      "UpstreamHttpMethod": [ "Get" ]
    },
    {
      "DownstreamPathTemplate": "/api/Movie/search/{query}",
      "DownstreamScheme": "http",
      "DownstreamHostAndPorts": [
        {
          "Host": "localhost",
          "Port": 5109
        }
      ],
      "UpstreamPathTemplate": "/movies/search/{query}",
      "UpstreamHttpMethod": [ "Get" ]
    }
  ]
}
