{
  "hash": "d8638d82",
  "configHash": "9a21a793",
  "lockfileHash": "3454ee6d",
  "browserHash": "93329d2b",
  "optimized": {
    "@angular/common": {
      "src": "../../../../../node_modules/@angular/common/fesm2022/common.mjs",
      "file": "@angular_common.js",
      "fileHash": "b9de0ce2",
      "needsInterop": false
    },
    "@angular/common/http": {
      "src": "../../../../../node_modules/@angular/common/fesm2022/http.mjs",
      "file": "@angular_common_http.js",
      "fileHash": "bcd00cb3",
      "needsInterop": false
    },
    "@angular/core": {
      "src": "../../../../../node_modules/@angular/core/fesm2022/core.mjs",
      "file": "@angular_core.js",
      "fileHash": "38aad990",
      "needsInterop": false
    },
    "@angular/forms": {
      "src": "../../../../../node_modules/@angular/forms/fesm2022/forms.mjs",
      "file": "@angular_forms.js",
      "fileHash": "5a40a8b7",
      "needsInterop": false
    },
    "@angular/material/bottom-sheet": {
      "src": "../../../../../node_modules/@angular/material/fesm2022/bottom-sheet.mjs",
      "file": "@angular_material_bottom-sheet.js",
      "fileHash": "3f06b49a",
      "needsInterop": false
    },
    "@angular/material/button": {
      "src": "../../../../../node_modules/@angular/material/fesm2022/button.mjs",
      "file": "@angular_material_button.js",
      "fileHash": "84e39f46",
      "needsInterop": false
    },
    "@angular/material/card": {
      "src": "../../../../../node_modules/@angular/material/fesm2022/card.mjs",
      "file": "@angular_material_card.js",
      "fileHash": "85c0aa3a",
      "needsInterop": false
    },
    "@angular/material/dialog": {
      "src": "../../../../../node_modules/@angular/material/fesm2022/dialog.mjs",
      "file": "@angular_material_dialog.js",
      "fileHash": "5eb96de2",
      "needsInterop": false
    },
    "@angular/material/expansion": {
      "src": "../../../../../node_modules/@angular/material/fesm2022/expansion.mjs",
      "file": "@angular_material_expansion.js",
      "fileHash": "0cf4d6b0",
      "needsInterop": false
    },
    "@angular/material/form-field": {
      "src": "../../../../../node_modules/@angular/material/fesm2022/form-field.mjs",
      "file": "@angular_material_form-field.js",
      "fileHash": "69e83f4d",
      "needsInterop": false
    },
    "@angular/material/icon": {
      "src": "../../../../../node_modules/@angular/material/fesm2022/icon.mjs",
      "file": "@angular_material_icon.js",
      "fileHash": "38e33590",
      "needsInterop": false
    },
    "@angular/material/input": {
      "src": "../../../../../node_modules/@angular/material/fesm2022/input.mjs",
      "file": "@angular_material_input.js",
      "fileHash": "8dc2224f",
      "needsInterop": false
    },
    "@angular/material/menu": {
      "src": "../../../../../node_modules/@angular/material/fesm2022/menu.mjs",
      "file": "@angular_material_menu.js",
      "fileHash": "061e4ec9",
      "needsInterop": false
    },
    "@angular/material/snack-bar": {
      "src": "../../../../../node_modules/@angular/material/fesm2022/snack-bar.mjs",
      "file": "@angular_material_snack-bar.js",
      "fileHash": "9731227d",
      "needsInterop": false
    },
    "@angular/material/toolbar": {
      "src": "../../../../../node_modules/@angular/material/fesm2022/toolbar.mjs",
      "file": "@angular_material_toolbar.js",
      "fileHash": "43750871",
      "needsInterop": false
    },
    "@angular/platform-browser": {
      "src": "../../../../../node_modules/@angular/platform-browser/fesm2022/platform-browser.mjs",
      "file": "@angular_platform-browser.js",
      "fileHash": "5e9b0d01",
      "needsInterop": false
    },
    "@angular/platform-browser/animations/async": {
      "src": "../../../../../node_modules/@angular/platform-browser/fesm2022/animations/async.mjs",
      "file": "@angular_platform-browser_animations_async.js",
      "fileHash": "fe9c9213",
      "needsInterop": false
    },
    "@angular/router": {
      "src": "../../../../../node_modules/@angular/router/fesm2022/router.mjs",
      "file": "@angular_router.js",
      "fileHash": "84b4c143",
      "needsInterop": false
    },
    "@auth0/angular-jwt": {
      "src": "../../../../../node_modules/@auth0/angular-jwt/fesm2020/auth0-angular-jwt.mjs",
      "file": "@auth0_angular-jwt.js",
      "fileHash": "0e92c340",
      "needsInterop": false
    },
    "rxjs": {
      "src": "../../../../../node_modules/rxjs/dist/esm5/index.js",
      "file": "rxjs.js",
      "fileHash": "bdc1a01f",
      "needsInterop": false
    }
  },
  "chunks": {
    "browser-DD7FQKUF": {
      "file": "browser-DD7FQKUF.js"
    },
    "chunk-36LBBXOA": {
      "file": "chunk-36LBBXOA.js"
    },
    "chunk-G2I3S7CL": {
      "file": "chunk-G2I3S7CL.js"
    },
    "chunk-IJLFLMJ7": {
      "file": "chunk-IJLFLMJ7.js"
    },
    "chunk-T646BXMH": {
      "file": "chunk-T646BXMH.js"
    },
    "chunk-FSMSAOBG": {
      "file": "chunk-FSMSAOBG.js"
    },
    "chunk-JWX3C2NJ": {
      "file": "chunk-JWX3C2NJ.js"
    },
    "chunk-4IQLVLUO": {
      "file": "chunk-4IQLVLUO.js"
    },
    "chunk-P7CTDN4S": {
      "file": "chunk-P7CTDN4S.js"
    },
    "chunk-UAWQV7AS": {
      "file": "chunk-UAWQV7AS.js"
    },
    "chunk-XSARJIWW": {
      "file": "chunk-XSARJIWW.js"
    },
    "chunk-QZNCN5V7": {
      "file": "chunk-QZNCN5V7.js"
    },
    "chunk-7M57BB2M": {
      "file": "chunk-7M57BB2M.js"
    },
    "chunk-FRPRYHQD": {
      "file": "chunk-FRPRYHQD.js"
    }
  }
}